University,CITY,State,ZIP,LATITUDE,LONGITUDE,SAT_AVG_ALL,Total_EMP,Median_income,AVG_income
University of Puerto Rico-Aguadilla,Aguadilla,PR,00604-6150,18.498652,-67.13793,1049,43380,19420,26900
Valdosta State University,Valdosta,GA,31698,30.847402,-83.289282,1059,52630,28840,37420
University of Louisiana at Monroe,Monroe,LA,71209-0000,32.527748,-92.07374,1124,77540,30040,38340
Southeastern Louisiana University,Hammond,LA,70402,30.514652,-90.468676,1085,43180,28980,38450
Heritage Christian University,Florence,AL,35630-9977,34.856153,-87.663051,1030,54340,30900,38530
University of North Alabama,Florence,AL,35632-0001,34.806738,-87.681361,1104,54340,30900,38530
North Carolina Wesleyan College,Rocky Mount,NC,27804,36.019665,-77.773982,967,54830,30850,38570
Arkansas State University-Main Campus,Jonesboro,AR,72401,35.842388,-90.679988,1165,56650,30060,38610
Missouri Southern State University,Joplin,MO,64801-1595,37.095155,-94.461689,1085,79940,31490,38610
Ozark Christian College,Joplin,MO,64801,37.103172,-94.510622,1107,79940,31490,38610
University of Southern Mississippi,Hattiesburg,MS,39406-0001,31.32661,-89.331236,1125,62620,28890,38630
William Carey University,Hattiesburg,MS,39401-5499,31.305264,-89.291815,1179,62620,28890,38630
Texas A & M International University,Laredo,TX,78041-1900,27.571172,-99.436043,996,99900,28260,38660
Lee University,Cleveland,TN,37311,35.166019,-84.871399,1176,46100,31110,39030
Louisiana State University-Alexandria,Alexandria,LA,71302-9121,31.178616,-92.414409,1026,60720,31290,39080
The University of Texas at El Paso,El Paso,TX,79968-0691,31.77015,-106.504098,1011,304900,28270,39100
Troy University-Dothan Campus,Dothan,AL,363034419,,,1085,57640,29810,39170
West Virginia University Institute of Technology,Beckley,WV,25801,37.775924,-81.184072,1159,42430,30100,39280
Austin Peay State University,Clarksville,TN,37044,36.533319,-87.354081,1085,86100,31560,39410
University of Oklahoma - Douglass Learning Center,Lawton,OK,735013025,,,1254,43200,30750,39510
Southeast Missouri State University,Cape Girardeau,MO,63701,37.311107,-89.531187,1145,42720,30670,39630
Southeast Missouri Hospital College of Nursing and Health Sciences,Cape Girardeau,MO,63703-4507,37.302453,-89.54587,1105,42720,30670,39630
University of Arkansas at Pine Bluff,Pine Bluff,AR,71601,34.244031,-92.018683,951,30370,31830,39730
University of South Carolina-Sumter,Sumter,SC,29150-2498,33.934698,-80.373459,984,36820,30940,39800
Auburn University,Auburn,AL,36849,32.599378,-85.488258,1282,57650,30310,39860
Centenary College of Louisiana,Shreveport,LA,71134-1188,32.483335,-93.730834,1193,174660,31090,40000
Louisiana State University-Shreveport,Shreveport,LA,71115-2399,32.428465,-93.70561,1080,174660,31090,40000
Ohio State University-Mansfield Campus,Mansfield,OH,44906,40.796536,-82.580194,1359,51050,32680,40010
Angelo State University,San Angelo,TX,76909,31.440914,-100.465051,1003,45880,31120,40060
Western Kentucky University,Bowling Green,KY,42101-1000,36.985035,-86.456828,1136,74160,32690,40240
Pennsylvania State University-Penn State Altoona,Altoona,PA,16601-3777,40.54092,-78.408247,1189,58370,32410,40280
Utah State University,Logan,UT,84322-1400,41.740748,-111.81391,1177,56780,31490,40460
Arizona State University - ASU Colleges at Lake Havasu City,Lake Havasu City,AZ,864036877,,,1219,49340,31090,40470
University of Louisiana at Lafayette,Lafayette,LA,70503,30.212191,-92.020165,1162,196150,32400,40540
Lenoir-Rhyne University,Hickory,NC,28601,35.739968,-81.327598,1070,154110,32480,40610
Midwestern State University,Wichita Falls,TX,76308-2099,33.874809,-98.519386,1034,57020,31400,40690
Texas A&M University-Texarkana,Texarkana,TX,75503,33.490482,-94.103617,1071,55680,33520,40750
Arizona State University at Yuma,Yuma,AZ,853656900,,,1219,61260,29540,40840
Lane College,Jackson,TN,38301-4598,35.627378,-88.806535,845,65310,32840,40970
Union University,Jackson,TN,38305-3697,35.676896,-88.858524,1243,65310,32840,40970
South Dakota School of Mines and Technology,Rapid City,SD,57701-3995,44.075439,-103.205753,1267,65850,32640,41000
Francis Marion University,Florence,SC,29506,34.189777,-79.652854,1003,86490,30500,41070
Austin College,Sherman,TX,75090-4400,33.646345,-96.596331,1255,44890,33040,41400
University of Pittsburgh-Johnstown,Johnstown,PA,15904,40.265957,-78.834163,1279,51040,32140,41410
Gannon University,Erie,PA,16541-0001,42.128403,-80.087166,1119,123760,32110,41480
Pennsylvania State University-Penn State Erie-Behrend College,Erie,PA,16563-0001,42.119433,-79.983773,1189,123760,32110,41480
Drury University,Springfield,MO,65802-3791,37.219681,-93.286192,1226,206070,33060,41610
Evangel University,Springfield,MO,65802-2125,37.220956,-93.262614,1102,206070,33060,41610
Missouri State University-Springfield,Springfield,MO,65897,37.199258,-93.281281,1164,206070,33060,41610
Evangel University - Assemblies of God Theological Seminary,Springfield,MO,658022131,,,1102,206070,33060,41610
East Stroudsburg University of Pennsylvania,East Stroudsburg,PA,18301-2999,40.99599,-75.173905,1018,55120,32800,41620
Mercer University,Macon,GA,31207,32.831787,-83.648295,1285,99690,32750,41650
Wesleyan College,Macon,GA,31210-4462,32.876037,-83.715417,1114,99690,32750,41650
Middle Georgia State University,Macon,GA,31206,32.808092,-83.732058,954,99690,32750,41650
Brescia University,Owensboro,KY,42301-3023,37.769041,-87.111639,1065,52240,34740,41770
Kentucky Wesleyan College,Owensboro,KY,42301,37.744489,-87.119658,1114,52240,34740,41770
The University of Alabama,Tuscaloosa,AL,35487-0166,33.211875,-87.545978,1278,102020,33740,41800
Abilene Christian University,Abilene,TX,79699,32.468943,-99.709797,1145,64300,32360,41810
Hardin-Simmons University,Abilene,TX,79698-0001,32.476434,-99.73564,1074,64300,32360,41810
McMurry University,Abilene,TX,79697,32.429776,-99.748682,1015,64300,32360,41810
New Mexico State University-Dona Ana,Las Cruces,NM,88011,32.354486,-106.737172,1043,70430,30190,41860
New Mexico State University-Main Campus,Las Cruces,NM,88003-8001,32.281568,-106.752069,1043,70430,30190,41860
Indiana State University,Terre Haute,IN,47809,39.469073,-87.407846,1013,66770,32930,41970
Rose-Hulman Institute of Technology,Terre Haute,IN,47803-3920,39.483602,-87.326749,1369,66770,32930,41970
Columbus State University,Columbus,GA,31907-5645,32.50096,-84.94106,1011,114920,31460,41980
Eastern Mennonite University,Harrisonburg,VA,22802-2462,38.471134,-78.880326,1102,63830,33500,42010
James Madison University,Harrisonburg,VA,22807,38.436311,-78.870484,1194,63830,33500,42010
Youngstown State University,Youngstown,OH,44555-0001,41.104928,-80.64659,1104,214000,32690,42070
Florida Southern College,Lakeland,FL,33801-5698,28.032443,-81.948203,1218,219840,33210,42090
Southeastern University,Lakeland,FL,33801-6034,28.029733,-81.918382,1063,219840,33210,42090
Florida Polytechnic University,Lakeland,FL,33805-8531,28.150149,-81.845995,1272,219840,33210,42090
Manhattan Christian College,Manhattan,KS,66502-4801,39.184806,-96.579383,1079,37700,31960,42140
College of Coastal Georgia,Brunswick,GA,31520-3644,31.182745,-81.485973,937,41950,30880,42280
Marshall University,Huntington,WV,25755,38.422482,-82.428964,1099,130750,32770,42290
Wheeling Jesuit University,Wheeling,WV,26003,40.070873,-80.690804,1063,61610,32510,42480
The University of West Florida,Pensacola,FL,32514-5750,30.549076,-87.218511,1185,174380,33120,42490
Shorter University,Rome,GA,30165,34.257543,-85.196529,1017,37570,31740,42500
Shorter University-College of Adult & Professional Programs,Rome,GA,30165,34.257543,-85.196529,1017,37570,31740,42500
Alabama State University,Montgomery,AL,36104-0271,32.364317,-86.295677,935,164030,33670,42510
Auburn University at Montgomery,Montgomery,AL,36117-3596,32.36736,-86.177544,1083,164030,33670,42510
Faulkner University,Montgomery,AL,36109-3390,32.384181,-86.21641,1031,164030,33670,42510
Huntingdon College,Montgomery,AL,36106-2148,32.351034,-86.284366,1085,164030,33670,42510
Troy University-Montgomery Campus,Montgomery,AL,361034419,,,1085,164030,33670,42510
The University of Montana,Missoula,MT,59812,46.859312,-113.982912,1165,60130,33470,42580
The University of Montana - Missoula College,Missoula,MT,59802,,,1165,60130,33470,42580
Morningside College,Sioux City,IA,51106-1751,42.473891,-96.359464,1125,84330,35150,42630
Aultman College of Nursing and Health Sciences,Canton,OH,44710-1797,40.796186,-81.404053,1085,169950,33610,42650
Kent State University at Stark,Canton,OH,44720-7599,40.868568,-81.43731,1142,169950,33610,42650
Malone University,Canton,OH,44709-3308,40.825662,-81.376863,1082,169950,33610,42650
LeTourneau University,Longview,TX,75602,32.46632,-94.726394,1190,91920,33740,42730
East Tennessee State University,Johnson City,TN,37614,36.301643,-82.366954,1122,77020,31980,42740
Fayetteville State University,Fayetteville,NC,28301-4298,35.073641,-78.891696,955,128940,33620,42750
Methodist University,Fayetteville,NC,28311-1420,35.135058,-78.874426,1050,128940,33620,42750
Haskell Indian Nations University,Lawrence,KS,66046-4800,38.938834,-95.232879,950,49350,32670,42780
University of Kansas,Lawrence,KS,66045,38.958549,-95.247567,1230,49350,32670,42780
Liberty University,Lynchburg,VA,24515,37.350232,-79.18222,1157,100420,32990,42780
University of Lynchburg,Lynchburg,VA,24501-3113,37.399774,-79.181653,1089,100420,32990,42780
Randolph College,Lynchburg,VA,24503-1555,37.437315,-79.171887,1079,100420,32990,42780
Brenau University,Gainesville,GA,30501-3668,34.303117,-83.821513,1004,87810,32310,42820
Embry-Riddle Aeronautical University-Prescott,Prescott,AZ,86301-3720,34.616766,-112.449741,1217,63710,33700,42860
Prescott College,Prescott,AZ,86301,34.5452,-112.477185,1132,63710,33700,42860
Marywood University,Scranton,PA,18509-1598,41.434587,-75.634142,1033,259670,34670,43010
University of Scranton,Scranton,PA,18510-4699,41.406556,-75.656915,1198,259670,34670,43010
University of North Carolina at Asheville,Asheville,NC,28804-8510,35.617068,-82.565392,1191,194660,33400,43070
Mary Baldwin University,Staunton,VA,24401,38.153884,-79.069273,1093,47920,35750,43090
Jackson State University,Jackson,MS,39217,32.296105,-90.207405,990,262380,33140,43180
Millsaps College,Jackson,MS,39210-0001,32.322746,-90.179957,1215,262380,33140,43180
The University of Texas at Tyler,Tyler,TX,75799-6699,32.315772,-95.254337,1160,101740,32880,43180
University of Mississippi Medical Center,Jackson,MS,392164505,,,1225,262380,33140,43180
Lycoming College,Williamsport,PA,17701-5192,41.24666,-77,1105,52030,34480,43260
Southern Illinois University-Carbondale,Carbondale,IL,62901-4512,37.714193,-89.217273,1143,52290,33220,43320
University of North Carolina Wilmington,Wilmington,NC,28403-5963,34.225223,-77.875527,1225,127910,33860,43550
Baylor University,Waco,TX,76798,31.546872,-97.121041,1320,116430,33050,43560
Lubbock Christian University,Lubbock,TX,79407-2099,33.575973,-101.934426,1091,142240,32770,43660
Texas Tech University,Lubbock,TX,79409-5005,33.583448,-101.874783,1176,142240,32770,43660
University of Wisconsin-Eau Claire,Eau Claire,WI,54701,44.798284,-91.501906,1165,82940,35450,43830
University of Evansville,Evansville,IN,47722,37.971549,-87.531644,1187,156570,34710,43840
University of Southern Indiana,Evansville,IN,47712,37.962374,-87.677214,1084,156570,34710,43840
Lewis-Clark State College,Lewiston,ID,83501-2698,46.412199,-117.024875,1013,26660,36670,43860
Converse College,Spartanburg,SC,29302-0006,34.955534,-81.917881,1112,153660,35390,43860
University of South Carolina-Upstate,Spartanburg,SC,29303-4999,34.996403,-81.970583,1010,153660,35390,43860
Spartanburg Methodist College,Spartanburg,SC,29301-5899,34.955117,-81.970863,919,153660,35390,43860
Wofford College,Spartanburg,SC,29303-3663,34.959411,-81.933568,1312,153660,35390,43860
Purdue University - Purdue Polytechnic Columbus,Columbus,IN,47203,,,1293,50850,36150,43880
The University of Tennessee-Chattanooga,Chattanooga,TN,37403-2598,35.047519,-85.300247,1164,246180,34420,43890
Maine College of Health Professions,Lewiston,ME,4240,44.100458,-70.21732,920,48540,35210,43960
Bob Jones University,Greenville,SC,29614-0001,34.874016,-82.365838,1146,413300,34420,43960
Furman,Greenville,SC,29613-6162,34.924676,-82.440458,1319,413300,34420,43960
Texas A & M University-Corpus Christi,Corpus Christi,TX,78412-5503,27.713723,-97.32395,983,187540,34120,43960
Wilson College,Chambersburg,PA,17201-1285,39.949659,-77.650712,1032,57840,36870,44000
Baker University School of Nursing,Topeka,KS,666041353,,,1137,109840,36700,44010
Virginia Polytechnic Institute and State University,Blacksburg,VA,24061-0131,37.229012,-80.423675,1284,70060,34680,44040
Ball State University,Muncie,IN,47306,40.203431,-85.409043,1138,45350,33170,44050
Ohio State University-Lima Campus,Lima,OH,45804,40.738521,-84.02384,1359,50390,35380,44150
Jefferson College of Health Sciences,Roanoke,VA,24013,37.265985,-79.939574,1058,153550,34870,44170
Hollins University,Roanoke,VA,24020,37.354201,-79.943277,1212,153550,34870,44170
Indiana University-Bloomington,Bloomington,IN,47405-7000,39.16609,-86.526559,1285,69160,34410,44390
Armstrong State University,Savannah,GA,31419-1997,31.979073,-81.161803,1054,175540,34290,44480
Savannah College of Art and Design,Savannah,GA,31402-3146,32.072963,-81.093849,1152,175540,34290,44480
Savannah State University,Savannah,GA,31404-5310,32.024781,-81.063377,933,175540,34290,44480
Friends University,Wichita,KS,67213,37.678459,-97.367048,1100,295970,35770,44500
Newman University,Wichita,KS,67213-2097,37.672643,-97.37768,1107,295970,35770,44500
Wichita State University,Wichita,KS,67260-0124,37.718882,-97.292361,1159,295970,35770,44500
University of Mobile,Mobile,AL,36613-2842,30.793247,-88.128934,1113,173190,35310,44570
University of South Alabama,Mobile,AL,36688-0002,30.696033,-88.178711,1142,173190,35310,44570
Spring Hill College,Mobile,AL,36608-1791,30.694751,-88.138199,1156,173190,35310,44570
Bennett College,Greensboro,NC,27401-3239,36.067531,-79.77998,851,361150,34900,44570
Greensboro College,Greensboro,NC,27401-1875,36.071082,-79.800232,1023,361150,34900,44570
North Carolina A & T State University,Greensboro,NC,27411,36.07282,-79.773375,1010,361150,34900,44570
University of North Carolina at Greensboro,Greensboro,NC,27402-6170,36.068236,-79.809414,1114,361150,34900,44570
Baptist Memorial College of Health Sciences,Memphis,TN,38104,35.138415,-90.027501,1155,623120,34550,44610
Christian Brothers University,Memphis,TN,38104,35.127437,-89.983241,1180,623120,34550,44610
Le Moyne-Owen College,Memphis,TN,38126-6595,35.118641,-90.034101,845,623120,34550,44610
Memphis College of Art,Memphis,TN,38104-2764,35.145929,-89.993761,1125,623120,34550,44610
University of Memphis,Memphis,TN,38152,35.118878,-89.938068,1106,623120,34550,44610
Rhodes College,Memphis,TN,38112-1690,35.154405,-89.990803,1362,623120,34550,44610
Visible Music College,Memphis,TN,38103,35.144586,-90.049381,984,623120,34550,44610
Harding School of Theology,Memphis,TN,381175499,,,1203,623120,34550,44610
Purdue University - Purdue Polytechnic Lafayette,Lafayette,IN,47903,,,1293,90720,35930,44620
Columbia International University,Columbia,SC,29203-1513,34.07551,-81.07443,1008,379770,35140,44680
Columbia College,Columbia,SC,29203,34.045581,-81.029967,1009,379770,35140,44680
University of South Carolina-Columbia,Columbia,SC,29208,33.996788,-81.026935,1266,379770,35140,44680
University of Charleston,Charleston,WV,25304,38.333367,-81.616244,1014,111600,34750,44680
Clarke University,Dubuque,IA,52001-3198,42.509475,-90.690487,1118,57760,36280,44850
University of Dubuque,Dubuque,IA,52001,42.49726,-90.693428,992,57760,36280,44850
Emmaus Bible College,Dubuque,IA,52001-3096,42.508307,-90.706011,1133,57760,36280,44850
Loras College,Dubuque,IA,52004-0178,42.503908,-90.679023,1144,57760,36280,44850
Augustana University,Sioux Falls,SD,57197-0001,43.525148,-96.736975,1245,155010,35410,44850
University of Sioux Falls,Sioux Falls,SD,57105-1699,43.531574,-96.738229,1124,155010,35410,44850
Dillard University,New Orleans,LA,70122,29.996587,-90.06464,1009,552720,34020,44860
Loyola University New Orleans,New Orleans,LA,70118-6143,29.936141,-90.120417,1203,552720,34020,44860
University of New Orleans,New Orleans,LA,70148,30.027704,-90.067142,1126,552720,34020,44860
University of Holy Cross,New Orleans,LA,70131-7399,29.912003,-89.99445,1030,552720,34020,44860
Southern University at New Orleans,New Orleans,LA,70126,30.026162,-90.044912,890,552720,34020,44860
Tulane University of Louisiana,New Orleans,LA,70118-5698,29.940069,-90.122144,1442,552720,34020,44860
Xavier University of Louisiana,New Orleans,LA,70125-1098,29.964162,-90.107307,1126,552720,34020,44860
Husson University,Bangor,ME,04401-2929,44.829002,-68.791476,1048,65080,34890,44860
University of Kentucky,Lexington,KY,40506-0032,38.038911,-84.504747,1213,272980,35940,44900
University of Central Florida,Orlando,FL,32816,28.602159,-81.200889,1249,1257240,33150,44930
AdventHealth University,Orlando,FL,32803,28.576142,-81.367687,1019,1257240,33150,44930
Barry University Law School,Orlando,FL,328073673,,,970,1257240,33150,44930
Rockford University,Rockford,IL,61108-2311,42.270639,-89.019536,1059,148810,35820,44960
Lancaster Bible College,Lancaster,PA,17601-5036,40.075347,-76.287761,1070,245480,36380,44960
Paine College,Augusta,GA,30901-3182,33.469545,-81.993225,850,223380,34240,44980
Augusta University,Augusta,GA,30912,33.47037,-81.989071,1006,223380,34240,44980
University of Arkansas at Little Rock,Little Rock,AR,72204,34.723254,-92.339778,1105,346430,35140,45020
Baptist Health College Little Rock,Little Rock,AR,72210-2827,34.713115,-92.40692,1125,346430,35140,45020
McNeese State University,Lake Charles,LA,70605,30.178187,-93.217222,1124,115950,37430,45030
Delaware State University,Dover,DE,19901,39.187173,-75.54053,918,63240,36060,45120
Wesley College,Dover,DE,19901-3875,39.163182,-75.527716,903,63240,36060,45120
Johnson University,Knoxville,TN,37998,35.937193,-83.750273,1073,383890,34640,45130
The University of Tennessee-Knoxville,Knoxville,TN,37996,35.952082,-83.925852,1280,383890,34640,45130
Colorado State University-Pueblo,Pueblo,CO,81001-4901,38.30859,-104.579033,1043,59980,36000,45200
Louisiana State University and Agricultural & Mechanical College,Baton Rouge,LA,70803-2750,30.414986,-91.178921,1226,395570,36500,45200
Franciscan Missionaries of Our Lady University,Baton Rouge,LA,70808,30.401379,-91.110587,1085,395570,36500,45200
Southern University and A & M College,Baton Rouge,LA,70813,30.524558,-91.190105,988,395570,36500,45200
Southern University Law Center,Baton Rouge,LA,70813,30.523898,-91.194417,988,395570,36500,45200
Southeastern Louisiana University - EBR Parish School System Prof Dev,Baton Rouge,LA,708145322,,,1085,395570,36500,45200
East Carolina University,Greenville,NC,27858-4353,35.607186,-77.368291,1105,76580,34070,45230
Purdue University Fort Wayne,Fort Wayne,IN,46805-1499,41.117278,-85.108962,1074,216170,35950,45280
Indiana Institute of Technology,Fort Wayne,IN,46803-1228,41.078365,-85.116479,1034,216170,35950,45280
University of Saint Francis-Fort Wayne,Fort Wayne,IN,46808-3994,41.087205,-85.177246,1062,216170,35950,45280
Trine University-Regional/Non-Traditional Campuses,Fort Wayne,IN,46825,41.172352,-85.106453,1128,216170,35950,45280
Indiana University-Kokomo,Kokomo,IN,46902-9003,40.460062,-86.132048,1030,39560,37920,45300
Purdue University - Purdue Polytechnic Kokomo,Kokomo,IN,46904,,,1293,39560,37920,45300
Florida Agricultural and Mechanical University,Tallahassee,FL,32307,30.428504,-84.290226,1044,172810,35510,45340
Florida State University,Tallahassee,FL,32306-1037,30.440756,-84.291921,1304,172810,35510,45340
Flagler College-Tallahassee,Tallahassee,FL,32304,30.443866,-84.339,1093,172810,35510,45340
Millikin University,Decatur,IL,62522-2084,39.842612,-88.976298,1127,50200,35510,45450
University of Toledo,Toledo,OH,43606-3390,41.660572,-83.614714,1142,296160,36040,45520
Bellin College,Green Bay,WI,54311,44.468277,-87.921722,1195,174270,37840,45570
University of Wisconsin-Green Bay,Green Bay,WI,54311-7001,44.532298,-87.919973,1125,174270,37840,45570
Indiana University-South Bend,South Bend,IN,46615-7111,41.665324,-86.221991,1035,133210,35520,45580
Purdue University - Purdue Polytechnic South Bend,South Bend,IN,46634,,,1293,133210,35520,45580
University of Nevada-Las Vegas,Las Vegas,NV,89154,36.106047,-115.138462,1100,986850,34900,45600
Aquinas College,Grand Rapids,MI,49506-1801,42.96019,-85.628785,1143,567840,36050,45670
Calvin College,Grand Rapids,MI,49546,42.929916,-85.587548,1243,567840,36050,45670
Cornerstone University,Grand Rapids,MI,49525-5897,42.979966,-85.595328,1069,567840,36050,45670
Kuyper College,Grand Rapids,MI,49525-9781,43.02195,-85.592657,1092,567840,36050,45670
Compass College of Cinematic Arts,Grand Rapids,MI,49503,42.961875,-85.667065,1051,567840,36050,45670
University of Georgia,Athens,GA,30602,33.956262,-83.374039,1316,87980,33950,45810
University of North Dakota,Grand Forks,ND,58202-8193,47.921654,-97.071738,1165,49050,37430,45820
University of Florida,Gainesville,FL,32611,29.64629,-82.347911,1346,133130,35080,45920
University of Florida-Online,Gainesville,FL,32611,29.649413,-82.339848,1346,133130,35080,45920
Colorado Mesa University,Grand Junction,CO,81501-3122,39.080643,-108.553275,1066,61670,36160,46070
California State University-Chico,Chico,CA,95929-0150,39.729712,-121.844859,1088,81120,34730,46120
Viterbo University,La Crosse,WI,54601-8804,43.803133,-91.244297,1162,75440,36870,46120
University of Wisconsin-La Crosse,La Crosse,WI,54601-9959,43.81568,-91.23186,1185,75440,36870,46120
Oral Roberts University,Tulsa,OK,74171,36.049129,-95.952547,1133,433520,35890,46170
University of Tulsa,Tulsa,OK,74104-3189,36.152324,-95.945941,1335,433520,35890,46170
Marian University,Fond Du Lac,WI,54935-4699,43.777411,-88.420638,1010,45000,38520,46180
Bethany Lutheran College,Mankato,MN,56001,44.166649,-93.990805,1126,52630,37520,46190
Minnesota State University-Mankato,Mankato,MN,56001,44.146712,-93.99945,1105,52630,37520,46190
Charleston Southern University,Charleston,SC,29406-9121,32.983047,-80.072587,1061,347760,36240,46200
College of Charleston,Charleston,SC,29424-0001,32.784225,-79.939794,1176,347760,36240,46200
Citadel Military College of South Carolina,Charleston,SC,29409,32.797183,-79.958775,1123,347760,36240,46200
Bloomsburg University of Pennsylvania,Bloomsburg,PA,17815,41.00782,-76.447844,1063,40670,36850,46250
University of Missouri-Columbia,Columbia,MO,65211-1050,38.94531,-92.328843,1249,94210,35070,46260
Stephens College,Columbia,MO,65215,38.95204,-92.319204,1099,94210,35070,46260
St. John's College,Santa Fe,NM,87505-4599,35.666974,-105.912478,1283,61590,36700,46260
Kettering University,Flint,MI,48504-6214,43.012468,-83.71282,1270,137420,34830,46300
University of Michigan-Flint,Flint,MI,48502-1950,43.01875,-83.690276,1092,137420,34830,46300
SUNY Polytechnic Institute,Utica,NY,13502,43.137701,-75.229841,1150,124550,36290,46340
Shenandoah University,Winchester,VA,22601-5195,39.167355,-78.157433,1115,58840,36340,46380
Lawrence University,Appleton,WI,54911,44.261323,-88.397822,1343,122160,38010,46380
University of Wisconsin-Oshkosh,Oshkosh,WI,54901,44.026206,-88.549369,1105,93090,39030,46380
University of Arkansas,Fayetteville,AR,72701,36.070009,-94.176981,1239,244900,34300,46470
West Virginia University,Morgantown,WV,26506,39.634371,-79.954391,1159,66230,35720,46470
University of the Incarnate Word,San Antonio,TX,78209,29.46708,-98.46583,1028,1011640,35240,46650
Our Lady of the Lake University,San Antonio,TX,78207-4689,29.426194,-98.54365,1000,1011640,35240,46650
St. Mary's University,San Antonio,TX,78228,29.453244,-98.562778,1139,1011640,35240,46650
The University of Texas at San Antonio,San Antonio,TX,78249-1644,29.583709,-98.620657,1122,1011640,35240,46650
Trinity University,San Antonio,TX,78212-7200,29.462682,-98.48186,1353,1011640,35240,46650
Texas A&M University-San Antonio,San Antonio,TX,78224,29.304762,-98.52417,981,1011640,35240,46650
Bryan College of Health Sciences,Lincoln,NE,68506,40.796768,-96.651532,1125,179040,37960,46800
Nebraska Wesleyan University,Lincoln,NE,68504-2794,40.839098,-96.64831,1213,179040,37960,46800
University of Nebraska-Lincoln,Lincoln,NE,68588,40.817598,-96.700508,1235,179040,37960,46800
Union College,Lincoln,NE,68506,40.774778,-96.651095,1112,179040,37960,46800
Doane University-Graduate and Professional Studies,Lincoln,NE,68504,40.815541,-96.650758,1125,179040,37960,46800
University of New Mexico-Main Campus,Albuquerque,NM,87106,35.083868,-106.620155,1103,386050,34930,46860
The University of Texas of the Permian Basin,Odessa,TX,79762-0001,31.889509,-102.329634,1025,76540,39130,46860
Rocky Mountain College,Billings,MT,59102-1796,45.796522,-108.554075,1099,85410,36980,46870
Edward Waters College,Jacksonville,FL,32209,30.34479,-81.684879,885,686520,35790,46920
Jacksonville University,Jacksonville,FL,32211-3394,30.353227,-81.60458,1147,686520,35790,46920
University of North Florida,Jacksonville,FL,32224-7699,30.27194,-81.509144,1176,686520,35790,46920
Trinity Baptist College,Jacksonville,FL,32221,30.311171,-81.79626,933,686520,35790,46920
Pennsylvania State University-Penn State York,York,PA,17403-3326,39.952327,-76.702835,1189,181110,37480,46930
York College of Pennsylvania,York,PA,17403-3651,39.94614,-76.727984,1101,181110,37480,46930
Kalamazoo College,Kalamazoo,MI,49006-3295,42.290789,-85.601857,1306,141750,35900,47060
Western Michigan University,Kalamazoo,MI,49008-5200,42.282194,-85.613759,1103,141750,35900,47060
University of Minnesota-Duluth,Duluth,MN,55812,46.817126,-92.084385,1185,127660,38020,47080
The College of Saint Scholastica,Duluth,MN,55811-4199,46.816082,-92.106134,1141,127660,38020,47080
University of Oklahoma-Health Sciences Center,Oklahoma City,OK,73117-1221,35.47928,-97.496289,1254,617190,36500,47120
Oklahoma City University,Oklahoma City,OK,73106-1402,35.495271,-97.541242,1219,617190,36500,47120
Saint Ambrose University,Davenport,IA,52803-2898,41.54065,-90.579854,1165,182780,36480,47220
University of California-Merced,Merced,CA,95343-5603,37.366237,-120.424944,1114,72510,35150,47260
Northwest Christian University,Eugene,OR,97401-3745,44.047483,-123.079754,1028,157150,36740,47320
University of Oregon,Eugene,OR,97403,44.045146,-123.075792,1193,157150,36740,47320
California State University-Fresno,Fresno,CA,93740,36.811154,-119.744569,1004,376720,34390,47340
Fresno Pacific University,Fresno,CA,93702-4709,36.726831,-119.735199,1050,376720,34390,47340
University of Nevada-Reno,Reno,NV,89557,39.543642,-119.815377,1165,233140,36440,47380
University of Alabama at Birmingham,Birmingham,AL,35294-0110,33.505697,-86.799345,1195,510560,37050,47480
Birmingham Southern College,Birmingham,AL,35254,33.513774,-86.850552,1231,510560,37050,47480
Samford University,Birmingham,AL,35229-2240,33.464128,-86.791799,1230,510560,37050,47480
Cedar Crest College,Allentown,PA,18104-6196,40.586318,-75.519221,1069,363230,37260,47580
Muhlenberg College,Allentown,PA,18104,40.596416,-75.508502,1270,363230,37260,47580
Brigham Young University-Provo,Provo,UT,84602,40.250851,-111.649281,1364,243520,34920,47610
Arizona State University at Tucson,Tucson,AZ,857454284,,,1219,369480,35430,47610
University of South Florida-Main Campus,Tampa,FL,33620-9951,28.061458,-82.413232,1234,1312680,35910,47750
The University of Tampa,Tampa,FL,33606-1490,27.948455,-82.46483,1171,1312680,35910,47750
Texas A & M University-College Station,College Station,TX,77843-1248,30.618726,-96.336475,1277,114040,35520,47930
University of Northern Colorado,Greeley,CO,80639,40.410855,-104.692777,1107,103410,39370,47950
Barry University,Miami,FL,33161-6695,25.878908,-80.198925,970,2590260,35780,48240
Florida International University,Miami,FL,33199,25.75732,-80.373928,1172,2590260,35780,48240
Trinity International University-Florida,Miami,FL,33186,25.68307,-80.417646,1129,2590260,35780,48240
Belmont University,Nashville,TN,37212-3757,36.135589,-86.794807,1256,968600,37680,48370
Lipscomb University,Nashville,TN,37204-3951,36.106253,-86.799791,1239,968600,37680,48370
Fisk University,Nashville,TN,37208-4501,36.167087,-86.804805,1014,968600,37680,48370
Trevecca Nazarene University,Nashville,TN,37210,36.141324,-86.754238,1121,968600,37680,48370
Vanderbilt University,Nashville,TN,37240,36.14659,-86.803369,1515,968600,37680,48370
Watkins College of Art Design & Film,Nashville,TN,37228,36.194659,-86.805888,1104,968600,37680,48370
Whitman College,Walla Walla,WA,99362,46.069815,-118.331546,1329,25350,39220,48380
Oregon State University-Cascades Campus,Bend,OR,97702,44.042795,-121.333703,1196,83160,37280,48390
Regent University,Virginia Beach,VA,23464,36.801173,-76.194627,1081,754600,38130,48450
Virginia Wesleyan University,Virginia Beach,VA,23455,36.868417,-76.18606,1063,754600,38130,48450
Alvernia University,Reading,PA,19607-1799,40.310028,-75.936754,1052,176700,38010,48480
Pennsylvania State University-Penn State Berks,Reading,PA,19610-1016,40.357987,-75.972141,1189,176700,38010,48480
Reading Hospital School of Health Sciences,Reading,PA,19611,40.32606,-75.950474,989,176700,38010,48480
Clarkson College,Omaha,NE,68131-2739,41.259165,-95.974847,1125,490060,38410,48690
Creighton University,Omaha,NE,68178,41.265361,-95.947811,1283,490060,38410,48690
Grace University,Omaha,NE,68108-3629,41.246894,-95.927709,1010,490060,38410,48690
Nebraska Methodist College of Nursing & Allied Health,Omaha,NE,68114-2852,41.265973,-96.048511,1145,490060,38410,48690
University of Nebraska at Omaha,Omaha,NE,68182-0225,41.258769,-96.008516,1125,490060,38410,48690
Corban University,Salem,OR,97317-9392,44.882399,-122.961129,1145,170130,38030,48790
University of Akron Main Campus,Akron,OH,44325-4702,41.078551,-81.511679,1125,327510,37510,48910
University of the Pacific,Stockton,CA,95211-0197,37.981424,-121.312301,1220,246770,37330,48980
Western Washington University,Bellingham,WA,98225-9008,48.737812,-122.485734,1190,88580,39630,49050
California Baptist University,Riverside,CA,92504-3297,33.929321,-117.425619,1092,1493230,36610,49100
University of California-Riverside,Riverside,CA,92521,33.97246,-117.32741,1215,1493230,36610,49100
La Sierra University,Riverside,CA,92505-8247,33.910704,-117.500054,994,1493230,36610,49100
Simpson University,Redding,CA,96003-8606,40.61334,-122.332981,1077,66080,36700,49130
Lamar University,Beaumont,TX,77705,30.042738,-94.072244,1045,159560,38180,49150
Gonzaga University,Spokane,WA,99258-0001,47.666531,-117.400625,1295,235940,38840,49200
Whitworth University,Spokane,WA,99251,47.753358,-117.416714,1217,235940,38840,49200
Whitworth University-Adult Degree Programs,Spokane,WA,99251,47.751642,-117.411568,1217,235940,38840,49200
Washington State University-Spokane,Spokane,WA,992029600,,,1127,235940,38840,49200
North Dakota State University-Main Campus,Fargo,ND,58108-6050,46.893127,-96.800838,1166,138000,39560,49260
Butler University,Indianapolis,IN,46208,39.8374,-86.172167,1279,1040670,37750,49380
Indiana University-Purdue University-Indianapolis,Indianapolis,IN,46202-5143,39.772948,-86.172217,1104,1040670,37750,49380
University of Indianapolis,Indianapolis,IN,46227-3697,39.709571,-86.133969,1093,1040670,37750,49380
Marian University,Indianapolis,IN,46222-1997,39.813233,-86.202643,1102,1040670,37750,49380
Purdue University - Purdue Polytechnic Indianapolis,Indianapolis,IN,46241,,,1293,1040670,37750,49380
Coe College,Cedar Rapids,IA,52402-5092,41.988263,-91.658192,1213,141170,39590,49390
Mount Mercy University,Cedar Rapids,IA,52402-4797,42.001931,-91.650991,1085,141170,39590,49390
Canisius College,Buffalo,NY,14208-1098,42.925206,-78.852577,1172,551090,38010,49420
D'Youville College,Buffalo,NY,14201-1084,42.902636,-78.890868,938,551090,38010,49420
Medaille College,Buffalo,NY,14214-2695,42.92856,-78.855941,978,551090,38010,49420
University at Buffalo,Buffalo,NY,14260-1660,43.000942,-78.789458,1197,551090,38010,49420
SUNY Buffalo State,Buffalo,NY,14222,42.933832,-78.882125,975,551090,38010,49420
Iowa State University,Ames,IA,50011-2103,42.026212,-93.648504,1221,43710,40530,49660
Art Academy of Cincinnati,Cincinnati,OH,45202-1706,39.108805,-84.513913,990,1071650,38370,50030
The Christ College of Nursing and Health Sciences,Cincinnati,OH,45219-2989,39.121821,-84.509564,1105,1071650,38370,50030
Cincinnati Christian University,Cincinnati,OH,45204-3200,39.114169,-84.55408,960,1071650,38370,50030
University of Cincinnati-Main Campus,Cincinnati,OH,45221-0063,39.131159,-84.51428,1230,1071650,38370,50030
Good Samaritan College of Nursing and Health Science,Cincinnati,OH,45220-2489,39.140348,-84.521196,1065,1071650,38370,50030
Mount Saint Joseph University,Cincinnati,OH,45233-1670,39.095893,-84.639453,1097,1071650,38370,50030
Xavier University,Cincinnati,OH,45207-1092,39.149547,-84.47465,1195,1071650,38370,50030
Carlow University,Pittsburgh,PA,15213-3165,40.439293,-79.963448,1005,1145060,38980,50070
Carnegie Mellon University,Pittsburgh,PA,15213-3890,40.44357,-79.941993,1506,1145060,38980,50070
Duquesne University,Pittsburgh,PA,15282,40.43589,-79.993123,1221,1145060,38980,50070
La Roche University,Pittsburgh,PA,15237-5898,40.568615,-80.014851,1045,1145060,38980,50070
University of Pittsburgh-Pittsburgh Campus,Pittsburgh,PA,15260,40.444388,-79.953254,1279,1145060,38980,50070
Point Park University,Pittsburgh,PA,15222-1984,40.438768,-80.002061,1091,1145060,38980,50070
University of Dayton,Dayton,OH,45469,39.739547,-84.176113,1254,377930,38020,50100
Wright State University-Main Campus,Dayton,OH,45435-0001,39.780634,-84.064881,1101,377930,38020,50100
Avila University,Kansas City,MO,64145-1698,38.91339,-94.591758,1060,1061410,39280,50200
Calvary University,Kansas City,MO,64147-1341,38.839578,-94.547927,1041,1061410,39280,50200
Kansas City Art Institute,Kansas City,MO,64111-1874,39.046353,-94.583594,1158,1061410,39280,50200
Midwestern Baptist Theological Seminary,Kansas City,MO,64118-4697,39.185691,-94.573185,1125,1061410,39280,50200
University of Missouri-Kansas City,Kansas City,MO,64110,39.034179,-94.582141,1197,1061410,39280,50200
Rockhurst University,Kansas City,MO,64110-2561,39.032318,-94.573003,1198,1061410,39280,50200
University of Mary,Bismarck,ND,58504,46.723767,-100.75274,1160,69720,41410,50390
Case Western Reserve University,Cleveland,OH,44106,41.507419,-81.609596,1441,1035770,38980,50470
Cleveland Institute of Art,Cleveland,OH,44106-1710,41.510435,-81.602416,1144,1035770,38980,50470
Cleveland State University,Cleveland,OH,44115-2214,41.502281,-81.674355,1104,1035770,38980,50470
Notre Dame College,Cleveland,OH,44121-4293,41.506894,-81.516617,994,1035770,38980,50470
Ottawa University-Phoenix,Phoenix,AZ,85021,33.572173,-112.113001,1027,2054550,37980,50520
Arizona Christian University,Phoenix,AZ,85032-7097,33.595117,-112.026211,956,2054550,37980,50520
Arizona State University-Downtown Phoenix,Phoenix,AZ,85004,33.452914,-112.07347,1219,2054550,37980,50520
California Polytechnic State University-San Luis Obispo,San Luis Obispo,CA,93407,35.299513,-120.657311,1317,117450,37390,50550
University of Illinois at Springfield,Springfield,IL,62703-5407,39.729524,-89.616796,1159,103540,39010,50560
University of Illinois at Urbana-Champaign,Champaign,IL,61820-5711,40.104718,-88.229114,1376,99990,39190,50630
University of Iowa,Iowa City,IA,52242-1316,41.661935,-91.536425,1232,92440,39870,50780
Roberts Wesleyan College,Rochester,NY,14624,43.125755,-77.798498,1144,514570,39230,50830
Rochester Institute of Technology,Rochester,NY,14623-5603,43.084188,-77.67386,1315,514570,39230,50830
University of Rochester,Rochester,NY,14627-0011,43.126397,-77.631202,1410,514570,39230,50830
Saint John Fisher College,Rochester,NY,14618-3597,43.116259,-77.513056,1158,514570,39230,50830
University of Utah,Salt Lake City,UT,84112-9008,40.762484,-111.846044,1234,713060,38700,50920
Westminster College,Salt Lake City,UT,84105,40.730779,-111.855757,1187,713060,38700,50920
Johnson C Smith University,Charlotte,NC,28216-5398,35.243033,-80.857251,868,1214980,38050,51000
University of North Carolina at Charlotte,Charlotte,NC,28223-0001,35.306022,-80.730919,1187,1214980,38050,51000
Queens University of Charlotte,Charlotte,NC,28274-0001,35.189051,-80.833509,1132,1214980,38050,51000
Cardinal Stritch University,Milwaukee,WI,53217-3985,43.139752,-87.909045,1044,848510,39320,51040
Marquette University,Milwaukee,WI,53233,43.03903,-87.927961,1262,848510,39320,51040
Milwaukee School of Engineering,Milwaukee,WI,53202-3109,43.045364,-87.907691,1305,848510,39320,51040
Mount Mary University,Milwaukee,WI,53222-4597,43.072507,-88.030732,990,848510,39320,51040
Wisconsin Lutheran College,Milwaukee,WI,53226-4699,43.036943,-88.022718,1145,848510,39320,51040
University of Wisconsin-Milwaukee,Milwaukee,WI,53211,43.076848,-87.880488,1125,848510,39320,51040
University of Wisconsin-Milwaukee Flex,Milwaukee,WI,53201,43.076848,-87.880488,1125,848510,39320,51040
Colorado State University-Fort Collins,Fort Collins,CO,80523-0100,40.574805,-105.080732,1212,160420,39240,51050
University of Southern Maine,Portland,ME,4103,43.662863,-70.274247,1059,208520,39670,51260
Capital University,Columbus,OH,43209-2394,39.954875,-82.937867,1195,1051570,39300,51260
Mount Carmel College of Nursing,Columbus,OH,43222-1504,39.956625,-83.021501,1065,1051570,39300,51260
Ohio Dominican University,Columbus,OH,43219,39.992764,-82.940689,1086,1051570,39300,51260
Ohio State University-Main Campus,Columbus,OH,43210,39.999324,-83.014853,1359,1051570,39300,51260
Virginia Commonwealth University,Richmond,VA,23284-2512,37.54962,-77.452697,1168,645380,39580,51330
Virginia Union University,Richmond,VA,23220,37.562405,-77.450903,922,645380,39580,51330
Le Moyne College,Syracuse,NY,13214-1301,43.049192,-76.090435,1171,303830,39730,51400
SUNY College of Environmental Science and Forestry,Syracuse,NY,13210,43.034765,-76.138724,1235,303830,39730,51400
Syracuse University,Syracuse,NY,13244,43.040176,-76.136975,1277,303830,39730,51400
University of Colorado Colorado Springs,Colorado Springs,CO,80918,38.892735,-104.800296,1162,280940,38720,51430
Bradley University,Peoria,IL,61625-0001,40.696896,-89.616786,1212,170850,38410,51510
Methodist College,Peoria,IL,61615,40.7804,-89.682864,1005,170850,38410,51510
University of Connecticut-Waterbury Campus,Waterbury,CT,6702,41.555617,-73.039242,1249,68110,39920,51640
Drake University,Des Moines,IA,50311-4505,41.60129,-93.652163,1285,368870,40950,52220
Grand View University,Des Moines,IA,50316,41.620813,-93.604352,1043,368870,40950,52220
Mercy College of Health Sciences,Des Moines,IA,50309-1239,41.594559,-93.626238,1030,368870,40950,52220
American International College,Springfield,MA,1109,42.112346,-72.558338,997,331340,40780,52540
Springfield College,Springfield,MA,01109-3797,42.101576,-72.556751,1148,331340,40780,52540
Western New England University,Springfield,MA,01119-2684,42.115017,-72.520466,1096,331340,40780,52540
Springfield College-School of Professional and Continuing Studies,Springfield,MA,1109,42.1022,-72.556647,1148,331340,40780,52540
Meredith College,Raleigh,NC,27607-5298,35.799351,-78.689995,1111,629570,39460,52580
North Carolina State University at Raleigh,Raleigh,NC,27695-7001,35.785111,-78.674517,1331,629570,39460,52580
William Peace University,Raleigh,NC,27604-1194,35.789139,-78.637697,1033,629570,39460,52580
Saint Augustine's University,Raleigh,NC,27610-2298,35.785468,-78.621301,834,629570,39460,52580
Dallas Baptist University,Dallas,TX,75211-9299,32.710017,-96.947006,1122,3568180,39230,52590
Dallas Christian College,Dallas,TX,75234-7299,32.913692,-96.887117,1026,3568180,39230,52590
Paul Quinn College,Dallas,TX,75241,32.678837,-96.755778,843,3568180,39230,52590
Southern Methodist University,Dallas,TX,75275-0221,32.843612,-96.783365,1382,3568180,39230,52590
University of North Texas at Dallas,Dallas,TX,75241,32.659588,-96.803446,978,3568180,39230,52590
Clark Atlanta University,Atlanta,GA,30314-4391,33.747628,-84.412584,1000,2682910,39080,52750
Emory University,Atlanta,GA,30322,33.790183,-84.325512,1437,2682910,39080,52750
Georgia Institute of Technology-Main Campus,Atlanta,GA,30332-0530,33.77242,-84.394832,1389,2682910,39080,52750
Georgia State University,Atlanta,GA,30303-3083,33.7527,-84.38667,1128,2682910,39080,52750
Morehouse College,Atlanta,GA,30314,33.745982,-84.414917,1050,2682910,39080,52750
Oglethorpe University,Atlanta,GA,30319-2797,33.875441,-84.333687,1212,2682910,39080,52750
Spelman College,Atlanta,GA,30314-4399,33.745279,-84.411527,1163,2682910,39080,52750
Georgia State University-Perimeter College,Atlanta,GA,30303-3083,33.753426,-84.385712,1128,2682910,39080,52750
Edgewood College,Madison,WI,53711-1997,43.057059,-89.422884,1145,392260,42770,52890
University of Wisconsin Colleges,Madison,WI,53708,43.068214,-89.39859,1025,392260,42770,52890
University of Wisconsin-Madison,Madison,WI,53706-1380,43.075409,-89.404098,1361,392260,42770,52890
University of Wisconsin Colleges Flex,Madison,WI,53708,43.068214,-89.39859,1025,392260,42770,52890
Oregon State University,Corvallis,OR,97331,44.56395,-123.274723,1196,36800,40020,53110
Illinois Wesleyan University,Bloomington,IL,61702-2900,40.489901,-88.992014,1273,89000,40620,53340
Northwood University,Midland,MI,48640-2398,43.628717,-84.27682,1095,34780,38010,53420
University of New Hampshire at Manchester,Manchester,NH,03101-1113,42.987209,-71.468755,1176,114140,41510,53660
Saint Anselm College,Manchester,NH,03102-1310,42.986889,-71.503622,1227,114140,41510,53660
Champlain College,Burlington,VT,5401,44.473287,-73.202746,1210,122920,42670,53680
University of Vermont,Burlington,VT,05405-0160,44.477325,-73.196646,1280,122920,42670,53680
College for Creative Studies,Detroit,MI,48202,42.361839,-83.062352,1149,1971940,40600,53690
University of Detroit Mercy,Detroit,MI,48221-3038,42.414222,-83.139158,1163,1971940,40600,53690
Marygrove College,Detroit,MI,48221-2599,42.414415,-83.154109,1021,1971940,40600,53690
Wayne State University,Detroit,MI,48202,42.358994,-83.068998,1134,1971940,40600,53690
Brown University,Providence,RI,2912,41.82617,-71.40385,1494,577900,40860,53730
Providence College,Providence,RI,02918-0001,41.842742,-71.437446,1274,577900,40860,53730
Rhode Island College,Providence,RI,2908,41.842415,-71.46556,984,577900,40860,53730
Rhode Island School of Design,Providence,RI,02903-2784,41.825935,-71.407692,1276,577900,40860,53730
Concordia University Texas,Austin,TX,78726,30.420232,-97.835703,1063,1028500,40070,53810
Huston-Tillotson University,Austin,TX,78702-2795,30.264667,-97.721691,947,1028500,40070,53810
Saint Edward's University,Austin,TX,78704-6489,30.229618,-97.754998,1186,1028500,40070,53810
The University of Texas at Austin,Austin,TX,78712,30.282825,-97.738273,1359,1028500,40070,53810
The Evergreen State College,Olympia,WA,98505-0001,47.07382,-122.977492,1095,112820,44370,54050
Becker College,Worcester,MA,01609-2165,42.269171,-71.811894,1078,284590,42660,54240
Houston Baptist University,Houston,TX,77074-3298,29.693819,-95.515954,1114,2982420,39630,54290
University of Houston-Clear Lake,Houston,TX,77058-1002,29.582523,-95.098129,1119,2982420,39630,54290
University of Houston-Downtown,Houston,TX,77002-1014,29.7661,-95.359338,997,2982420,39630,54290
University of Houston,Houston,TX,77204-2018,29.720393,-95.343537,1202,2982420,39630,54290
Rice University,Houston,TX,77005-1827,29.717897,-95.402035,1535,2982420,39630,54290
University of St Thomas,Houston,TX,77006-4696,29.736438,-95.393102,1160,2982420,39630,54290
Texas Southern University,Houston,TX,77004,29.721046,-95.361113,846,2982420,39630,54290
University of Virginia-Main Campus,Charlottesville,VA,22903-2628,38.035665,-78.503428,1415,113010,41170,54350
Albany College of Pharmacy and Health Sciences,Albany,NY,12208-3492,42.650371,-73.779063,1200,451810,43340,54400
SUNY at Albany,Albany,NY,12222,42.685489,-73.824662,1173,451810,43340,54400
University of California-Santa Cruz,Santa Cruz,CA,95064-1011,36.995584,-122.058801,1287,97890,40270,54520
University of Alabama in Huntsville,Huntsville,AL,35899,34.724557,-86.640449,1322,226330,39820,54630
Oakwood University,Huntsville,AL,35896,34.756344,-86.652705,1005,226330,39820,54630
Concordia University-Ann Arbor,Ann Arbor,MI,48105,42.273157,-83.68268,1130,218510,41390,55130
University of Michigan-Ann Arbor,Ann Arbor,MI,48109,42.275921,-83.742769,1436,218510,41390,55130
School of the Art Institute of Chicago,Chicago,IL,60603,41.88105,-87.625758,1242,4641830,41210,55670
Chicago State University,Chicago,IL,60628-1598,41.718446,-87.609384,952,4641830,41210,55670
University of Chicago,Chicago,IL,60637,41.787994,-87.599539,1524,4641830,41210,55670
East-West University,Chicago,IL,60605,41.871309,-87.624793,910,4641830,41210,55670
University of Illinois at Chicago,Chicago,IL,60607,41.871837,-87.650503,1150,4641830,41210,55670
Illinois Institute of Technology,Chicago,IL,60616,41.8313,-87.627321,1323,4641830,41210,55670
Loyola University Chicago,Chicago,IL,60660,42.000765,-87.656872,1258,4641830,41210,55670
North Park University,Chicago,IL,60625-4895,41.975268,-87.709948,1086,4641830,41210,55670
Northeastern Illinois University,Chicago,IL,60625-4699,41.980399,-87.718983,910,4641830,41210,55670
Roosevelt University,Chicago,IL,60605-1394,41.876055,-87.624952,1119,4641830,41210,55670
Saint Xavier University,Chicago,IL,60655,41.707199,-87.714749,1066,4641830,41210,55670
VanderCook College of Music,Chicago,IL,60616-3731,41.836833,-87.629138,1215,4641830,41210,55670
University of Notre Dame -,Chicago,IL,606042535,,,1486,4641830,41210,55670
Concordia University-Portland,Portland,OR,97211-6099,45.570197,-122.636941,1048,1190180,43420,56160
Lewis & Clark College,Portland,OR,97219-7899,45.450882,-122.669137,1330,1190180,43420,56160
Portland State University,Portland,OR,97201,45.511601,-122.686289,1105,1190180,43420,56160
University of Portland,Portland,OR,97203-5798,45.572724,-122.726691,1239,1190180,43420,56160
Reed College,Portland,OR,97202-8199,45.480959,-122.630348,1427,1190180,43420,56160
Linfield College-School of Nursing,Portland,OR,97210-2932,45.531476,-122.697773,1126,1190180,43420,56160
Chestnut Hill College,Philadelphia,PA,19118-2693,40.08678,-75.228742,1060,2848650,42580,56170
Drexel University,Philadelphia,PA,19104,39.955217,-75.190051,1269,2848650,42580,56170
Holy Family University,Philadelphia,PA,19114-2009,40.060581,-74.986451,1005,2848650,42580,56170
Moore College of Art and Design,Philadelphia,PA,19103-1179,39.957078,-75.172105,1140,2848650,42580,56170
University of Pennsylvania,Philadelphia,PA,19104-6303,39.950929,-75.19391,1506,2848650,42580,56170
Jefferson (Philadelphia University + Thomas Jefferson University),Philadelphia,PA,19144-5497,40.022882,-75.192645,1136,2848650,42580,56170
University of the Sciences,Philadelphia,PA,19104-4495,39.946412,-75.207001,1227,2848650,42580,56170
Saint Joseph's University,Philadelphia,PA,19131-1395,39.994442,-75.238343,1209,2848650,42580,56170
California State University-Sacramento,Sacramento,CA,95819-2694,38.559415,-121.423549,1036,984620,42950,56430
Augsburg University,Minneapolis,MN,55454,44.966307,-93.240436,1085,1956300,45520,57420
University of Minnesota-Twin Cities,Minneapolis,MN,55455-0213,44.972851,-93.235464,1344,1956300,45520,57420
Minneapolis College of Art and Design,Minneapolis,MN,55404,44.956988,-93.274705,1141,1956300,45520,57420
North Central University,Minneapolis,MN,55404-1391,44.968625,-93.261511,1118,1956300,45520,57420
University of Alaska Fairbanks,Fairbanks,AK,99775,64.85756,-147.823146,1094,35410,49750,57570
University of Baltimore,Baltimore,MD,21201-5720,39.305834,-76.616591,999,1370990,44520,57740
Coppin State University,Baltimore,MD,21216-3698,39.311258,-76.658687,930,1370990,44520,57740
Johns Hopkins University,Baltimore,MD,21218-2688,39.328977,-76.621595,1524,1370990,44520,57740
University of Maryland-Baltimore County,Baltimore,MD,21250,39.256686,-76.711607,1255,1370990,44520,57740
Maryland Institute College of Art,Baltimore,MD,21217-4134,39.308792,-76.621033,1203,1370990,44520,57740
Morgan State University,Baltimore,MD,21251-0001,39.344161,-76.585565,977,1370990,44520,57740
Notre Dame of Maryland University,Baltimore,MD,21210-2476,39.350612,-76.619739,993,1370990,44520,57740
University of Minnesota-Rochester,Rochester,MN,55904,44.022339,-92.463471,1344,116600,42240,57840
California State University-Los Angeles,Los Angeles,CA,90032-8506,34.066927,-118.168965,968,6118830,40970,57890
University of California-Los Angeles,Los Angeles,CA,90095-1405,34.068892,-118.443901,1387,6118830,40970,57890
Charles R Drew University of Medicine and Science,Los Angeles,CA,90059,33.925658,-118.242791,1142,6118830,40970,57890
Loyola Marymount University,Los Angeles,CA,90045-2659,33.97085,-118.415744,1307,6118830,40970,57890
Mount Saint Mary's University,Los Angeles,CA,90049-1599,34.085315,-118.482879,1013,6118830,40970,57890
Occidental College,Los Angeles,CA,90041-3392,34.127124,-118.210908,1370,6118830,40970,57890
University of Southern California,Los Angeles,CA,90089,34.021281,-118.284169,1437,6118830,40970,57890
Mount Saint Mary's University - Doheny Campus,Los Angeles,CA,90007,,,1013,6118830,40970,57890
Albertus Magnus College,New Haven,CT,06511-1189,41.332519,-72.923848,930,284270,44640,57920
Southern Connecticut State University,New Haven,CT,06515-1355,41.333225,-72.947897,1028,284270,44640,57920
Yale University,New Haven,CT,6520,41.311158,-72.926688,1520,284270,44640,57920
Point Loma Nazarene University,San Diego,CA,92106-2899,32.718391,-117.250265,1211,1463420,43390,58090
San Diego State University,San Diego,CA,92182-0001,32.77525,-117.071228,1206,1463420,43390,58090
University of San Diego,San Diego,CA,92110-2492,32.770816,-117.192073,1302,1463420,43390,58090
Bethel Seminary-San Diego,San Diego,CA,92115,32.765387,-117.06605,1181,1463420,43390,58090
Cornell University,Ithaca,NY,14853,42.4472,-76.483084,1477,49710,44350,58180
University of Colorado Denver/Anschutz Medical Campus,Denver,CO,80217-3364,39.745149,-104.837722,1179,1478110,45420,59440
University of Denver,Denver,CO,80208,39.678005,-104.963259,1294,1478110,45420,59440
Metropolitan State University of Denver,Denver,CO,80217-3362,39.744202,-105.00504,1010,1478110,45420,59440
Regis University,Denver,CO,80221-1099,39.788175,-105.030756,1150,1478110,45420,59440
Duke University,Durham,NC,27708,36.001135,-78.937624,1488,308480,45640,59940
North Carolina Central University,Durham,NC,27707,35.974237,-78.898602,967,308480,45640,59940
Rensselaer at Hartford,Hartford,CT,6120,41.773462,-72.673916,1405,584860,48820,60820
Trinity College,Hartford,CT,06106-3100,41.747451,-72.690882,1370,584860,48820,60820
University of Connecticut-Hartford Campus,Hartford,CT,6103,41.762673,-72.672175,1249,584860,48820,60820
Barnard College,New York,NY,10027-6598,40.810098,-73.963346,1430,9498420,47080,64550
Columbia University in the City of New York,New York,NY,10027,40.808286,-73.961885,1488,9498420,47080,64550
Cooper Union for the Advancement of Science and Art,New York,NY,10003-7120,40.728148,-73.991609,1424,9498420,47080,64550
Weill Cornell Medical College,New York,NY,10065,40.764738,-73.954839,1477,9498420,47080,64550
CUNY Bernard M Baruch College,New York,NY,10010,40.740238,-73.983417,1270,9498420,47080,64550
CUNY City College,New York,NY,10031,40.819846,-73.948542,1140,9498420,47080,64550
CUNY Hunter College,New York,NY,10065,40.768669,-73.964795,1205,9498420,47080,64550
CUNY John Jay College of Criminal Justice,New York,NY,10019,40.770351,-73.98841,1055,9498420,47080,64550
Jewish Theological Seminary of America,New York,NY,10027-4649,40.811892,-73.960582,1396,9498420,47080,64550
LIM College,New York,NY,10022-5268,40.759865,-73.975054,1032,9498420,47080,64550
Marymount Manhattan College,New York,NY,10021-4597,40.768787,-73.959767,1149,9498420,47080,64550
The New School,New York,NY,10011-8871,40.735508,-73.997114,1223,9498420,47080,64550
New York University,New York,NY,10012-1091,40.729452,-73.997264,1408,9498420,47080,64550
New York School of Interior Design,New York,NY,10021,40.768615,-73.962404,1058,9498420,47080,64550
Pace University,New York,NY,10038-1598,40.711014,-74.004719,1144,9498420,47080,64550
School of Visual Arts,New York,NY,10010,40.738809,-73.982359,1139,9498420,47080,64550
Yeshiva University,New York,NY,10033-3299,40.850605,-73.929873,1272,9498420,47080,64550
The King's College,New York,NY,10004,40.706677,-74.012342,1246,9498420,47080,64550
Pratt Manhattan-A Division of Pratt Institute,New York,NY,10011,,,1201,9498420,47080,64550
University of Colorado Boulder,Boulder,CO,80309-0017,40.008781,-105.270823,1293,182160,49090,64690
Seattle Pacific University,Seattle,WA,98119-1997,47.650214,-122.361667,1173,1984320,50860,65400
Seattle University,Seattle,WA,98122-4340,47.608859,-122.318851,1250,1984320,50860,65400
University of Washington-Seattle Campus,Seattle,WA,98195-4550,47.65538,-122.30514,1295,1984320,50860,65400
Boston Baptist College,Boston,MA,02136-4030,42.254037,-71.1103,970,2758780,51510,67370
Boston University,Boston,MA,2215,42.351118,-71.107942,1401,2758780,51510,67370
Emerson College,Boston,MA,02116-4624,42.352202,-71.065384,1299,2758780,51510,67370
Emmanuel College,Boston,MA,2115,42.340602,-71.103634,1183,2758780,51510,67370
University of Massachusetts-Boston,Boston,MA,02125-3393,42.312881,-71.036865,1134,2758780,51510,67370
MCPHS University,Boston,MA,02115-5896,42.336825,-71.101244,1169,2758780,51510,67370
Northeastern University,Boston,MA,02115-5005,42.339992,-71.088782,1482,2758780,51510,67370
Simmons University,Boston,MA,02115-5898,42.3393,-71.099967,1227,2758780,51510,67370
Suffolk University,Boston,MA,02108-3901,42.357945,-71.060917,1102,2758780,51510,67370
Wentworth Institute of Technology,Boston,MA,2115,42.336632,-71.094983,1181,2758780,51510,67370
Wheelock College,Boston,MA,2215,42.349707,-71.100868,879,2758780,51510,67370
Northeastern University Lifelong Learning Network,Boston,MA,2115,42.339477,-71.087841,1482,2758780,51510,67370
University of Bridgeport,Bridgeport,CT,06604-5620,41.164741,-73.190166,969,416050,50450,68590
St Vincent's College,Bridgeport,CT,06606-4201,41.201198,-73.201106,960,416050,50450,68590
American University,Washington,DC,20016-8001,38.936005,-77.088875,1294,3135160,54680,70980
Gallaudet University,Washington,DC,20002-3695,38.907371,-76.993675,916,3135160,54680,70980
George Washington University,Washington,DC,20052,38.89923,-77.048363,1386,3135160,54680,70980
Georgetown University,Washington,DC,20057-0001,38.908809,-77.073463,1451,3135160,54680,70980
Howard University,Washington,DC,20059-0001,38.922392,-77.018966,1201,3135160,54680,70980
San Francisco State University,San Francisco,CA,94132,37.721224,-122.476799,1054,2419090,54090,72400
University of San Francisco,San Francisco,CA,94117-1080,37.776618,-122.450477,1203,2419090,54090,72400
San Jose State University,San Jose,CA,95192-0001,37.336569,-121.880621,1110,1119210,60110,80480
